{"fa fa-glass":"Glass","fa fa-music":"Music","fa fa-search":"Search","fa fa-envelope-o":"Envelope O","fa fa-heart":"Heart","fa fa-star":"Star","fa fa-star-o":"Star O","fa fa-user":"User","fa fa-film":"Film","fa fa-th-large":"Th Large","fa fa-th":"Th","fa fa-th-list":"Th List","fa fa-check":"Check","fa fa-remove":"Remove","fa fa-close":"Close","fa fa-times":"Times","fa fa-search-plus":"Search Plus","fa fa-search-minus":"Search Minus","fa fa-power-off":"Power Off","fa fa-signal":"Signal","fa fa-gear":"Gear","fa fa-cog":"Cog","fa fa-trash-o":"Trash O","fa fa-home":"Home","fa fa-file-o":"File O","fa fa-clock-o":"Clock O","fa fa-road":"Road","fa fa-download":"Download","fa fa-arrow-circle-o-down":"Arrow Circle O Down","fa fa-arrow-circle-o-up":"Arrow Circle O Up","fa fa-inbox":"Inbox","fa fa-play-circle-o":"Play Circle O","fa fa-rotate-right":"Rotate Right","fa fa-repeat":"Repeat","fa fa-refresh":"Refresh","fa fa-list-alt":"List Alt","fa fa-lock":"Lock","fa fa-flag":"Flag","fa fa-headphones":"Headphones","fa fa-volume-off":"Volume Off","fa fa-volume-down":"Volume Down","fa fa-volume-up":"Volume Up","fa fa-qrcode":"Qrcode","fa fa-barcode":"Barcode","fa fa-tag":"Tag","fa fa-tags":"Tags","fa fa-book":"Book","fa fa-bookmark":"Bookmark","fa fa-print":"Print","fa fa-camera":"Camera","fa fa-font":"Font","fa fa-bold":"Bold","fa fa-italic":"Italic","fa fa-text-height":"Text Height","fa fa-text-width":"Text Width","fa fa-align-left":"Align Left","fa fa-align-center":"Align Center","fa fa-align-right":"Align Right","fa fa-align-justify":"Align Justify","fa fa-list":"List","fa fa-dedent":"Dedent","fa fa-outdent":"Outdent","fa fa-indent":"Indent","fa fa-video-camera":"Video Camera","fa fa-photo":"Photo","fa fa-image":"Image","fa fa-picture-o":"Picture O","fa fa-pencil":"Pencil","fa fa-map-marker":"Map Marker","fa fa-adjust":"Adjust","fa fa-tint":"Tint","fa fa-edit":"Edit","fa fa-pencil-square-o":"Pencil Square O","fa fa-share-square-o":"Share Square O","fa fa-check-square-o":"Check Square O","fa fa-arrows":"Arrows","fa fa-step-backward":"Step Backward","fa fa-fast-backward":"Fast Backward","fa fa-backward":"Backward","fa fa-play":"Play","fa fa-pause":"Pause","fa fa-stop":"Stop","fa fa-forward":"Forward","fa fa-fast-forward":"Fast Forward","fa fa-step-forward":"Step Forward","fa fa-eject":"Eject","fa fa-chevron-left":"Chevron Left","fa fa-chevron-right":"Chevron Right","fa fa-plus-circle":"Plus Circle","fa fa-minus-circle":"Minus Circle","fa fa-times-circle":"Times Circle","fa fa-check-circle":"Check Circle","fa fa-question-circle":"Question Circle","fa fa-info-circle":"Info Circle","fa fa-crosshairs":"Crosshairs","fa fa-times-circle-o":"Times Circle O","fa fa-check-circle-o":"Check Circle O","fa fa-ban":"Ban","fa fa-arrow-left":"Arrow Left","fa fa-arrow-right":"Arrow Right","fa fa-arrow-up":"Arrow Up","fa fa-arrow-down":"Arrow Down","fa fa-mail-forward":"Mail Forward","fa fa-share":"Share","fa fa-expand":"Expand","fa fa-compress":"Compress","fa fa-plus":"Plus","fa fa-minus":"Minus","fa fa-asterisk":"Asterisk","fa fa-exclamation-circle":"Exclamation Circle","fa fa-gift":"Gift","fa fa-leaf":"Leaf","fa fa-fire":"Fire","fa fa-eye":"Eye","fa fa-eye-slash":"Eye Slash","fa fa-warning":"Warning","fa fa-exclamation-triangle":"Exclamation Triangle","fa fa-plane":"Plane","fa fa-calendar":"Calendar","fa fa-random":"Random","fa fa-comment":"Comment","fa fa-magnet":"Magnet","fa fa-chevron-up":"Chevron Up","fa fa-chevron-down":"Chevron Down","fa fa-retweet":"Retweet","fa fa-shopping-cart":"Shopping Cart","fa fa-folder":"Folder","fa fa-folder-open":"Folder Open","fa fa-arrows-v":"Arrows V","fa fa-arrows-h":"Arrows H","fa fa-bar-chart-o":"Bar Chart O","fa fa-bar-chart":"Bar Chart","fa fa-twitter-square":"Twitter Square","fa fa-facebook-square":"Facebook Square","fa fa-camera-retro":"Camera Retro","fa fa-key":"Key","fa fa-gears":"Gears","fa fa-cogs":"Cogs","fa fa-comments":"Comments","fa fa-thumbs-o-up":"Thumbs O Up","fa fa-thumbs-o-down":"Thumbs O Down","fa fa-star-half":"Star Half","fa fa-heart-o":"Heart O","fa fa-sign-out":"Sign Out","fa fa-linkedin-square":"Linkedin Square","fa fa-thumb-tack":"Thumb Tack","fa fa-external-link":"External Link","fa fa-sign-in":"Sign In","fa fa-trophy":"Trophy","fa fa-github-square":"Github Square","fa fa-upload":"Upload","fa fa-lemon-o":"Lemon O","fa fa-phone":"Phone","fa fa-square-o":"Square O","fa fa-bookmark-o":"Bookmark O","fa fa-phone-square":"Phone Square","fa fa-twitter":"Twitter","fa fa-facebook-f":"Facebook F","fa fa-facebook":"Facebook","fa fa-github":"Github","fa fa-unlock":"Unlock","fa fa-credit-card":"Credit Card","fa fa-feed":"Feed","fa fa-rss":"Rss","fa fa-hdd-o":"Hdd O","fa fa-bullhorn":"Bullhorn","fa fa-bell":"Bell","fa fa-certificate":"Certificate","fa fa-hand-o-right":"Hand O Right","fa fa-hand-o-left":"Hand O Left","fa fa-hand-o-up":"Hand O Up","fa fa-hand-o-down":"Hand O Down","fa fa-arrow-circle-left":"Arrow Circle Left","fa fa-arrow-circle-right":"Arrow Circle Right","fa fa-arrow-circle-up":"Arrow Circle Up","fa fa-arrow-circle-down":"Arrow Circle Down","fa fa-globe":"Globe","fa fa-wrench":"Wrench","fa fa-tasks":"Tasks","fa fa-filter":"Filter","fa fa-briefcase":"Briefcase","fa fa-arrows-alt":"Arrows Alt","fa fa-group":"Group","fa fa-users":"Users","fa fa-chain":"Chain","fa fa-link":"Link","fa fa-cloud":"Cloud","fa fa-flask":"Flask","fa fa-cut":"Cut","fa fa-scissors":"Scissors","fa fa-copy":"Copy","fa fa-files-o":"Files O","fa fa-paperclip":"Paperclip","fa fa-save":"Save","fa fa-floppy-o":"Floppy O","fa fa-square":"Square","fa fa-navicon":"Navicon","fa fa-reorder":"Reorder","fa fa-bars":"Bars","fa fa-list-ul":"List Ul","fa fa-list-ol":"List Ol","fa fa-strikethrough":"Strikethrough","fa fa-underline":"Underline","fa fa-table":"Table","fa fa-magic":"Magic","fa fa-truck":"Truck","fa fa-pinterest":"Pinterest","fa fa-pinterest-square":"Pinterest Square","fa fa-google-plus-square":"Google Plus Square","fa fa-google-plus":"Google Plus","fa fa-money":"Money","fa fa-caret-down":"Caret Down","fa fa-caret-up":"Caret Up","fa fa-caret-left":"Caret Left","fa fa-caret-right":"Caret Right","fa fa-columns":"Columns","fa fa-unsorted":"Unsorted","fa fa-sort":"Sort","fa fa-sort-down":"Sort Down","fa fa-sort-desc":"Sort Desc","fa fa-sort-up":"Sort Up","fa fa-sort-asc":"Sort Asc","fa fa-envelope":"Envelope","fa fa-linkedin":"Linkedin","fa fa-rotate-left":"Rotate Left","fa fa-undo":"Undo","fa fa-legal":"Legal","fa fa-gavel":"Gavel","fa fa-dashboard":"Dashboard","fa fa-tachometer":"Tachometer","fa fa-comment-o":"Comment O","fa fa-comments-o":"Comments O","fa fa-flash":"Flash","fa fa-bolt":"Bolt","fa fa-sitemap":"Sitemap","fa fa-umbrella":"Umbrella","fa fa-paste":"Paste","fa fa-clipboard":"Clipboard","fa fa-lightbulb-o":"Lightbulb O","fa fa-exchange":"Exchange","fa fa-cloud-download":"Cloud Download","fa fa-cloud-upload":"Cloud Upload","fa fa-user-md":"User Md","fa fa-stethoscope":"Stethoscope","fa fa-suitcase":"Suitcase","fa fa-bell-o":"Bell O","fa fa-coffee":"Coffee","fa fa-cutlery":"Cutlery","fa fa-file-text-o":"File Text O","fa fa-building-o":"Building O","fa fa-hospital-o":"Hospital O","fa fa-ambulance":"Ambulance","fa fa-medkit":"Medkit","fa fa-fighter-jet":"Fighter Jet","fa fa-beer":"Beer","fa fa-h-square":"H Square","fa fa-plus-square":"Plus Square","fa fa-angle-double-left":"Angle Double Left","fa fa-angle-double-right":"Angle Double Right","fa fa-angle-double-up":"Angle Double Up","fa fa-angle-double-down":"Angle Double Down","fa fa-angle-left":"Angle Left","fa fa-angle-right":"Angle Right","fa fa-angle-up":"Angle Up","fa fa-angle-down":"Angle Down","fa fa-desktop":"Desktop","fa fa-laptop":"Laptop","fa fa-tablet":"Tablet","fa fa-mobile-phone":"Mobile Phone","fa fa-mobile":"Mobile","fa fa-circle-o":"Circle O","fa fa-quote-left":"Quote Left","fa fa-quote-right":"Quote Right","fa fa-spinner":"Spinner","fa fa-circle":"Circle","fa fa-mail-reply":"Mail Reply","fa fa-reply":"Reply","fa fa-github-alt":"Github Alt","fa fa-folder-o":"Folder O","fa fa-folder-open-o":"Folder Open O","fa fa-smile-o":"Smile O","fa fa-frown-o":"Frown O","fa fa-meh-o":"Meh O","fa fa-gamepad":"Gamepad","fa fa-keyboard-o":"Keyboard O","fa fa-flag-o":"Flag O","fa fa-flag-checkered":"Flag Checkered","fa fa-terminal":"Terminal","fa fa-code":"Code","fa fa-mail-reply-all":"Mail Reply All","fa fa-reply-all":"Reply All","fa fa-star-half-empty":"Star Half Empty","fa fa-star-half-full":"Star Half Full","fa fa-star-half-o":"Star Half O","fa fa-location-arrow":"Location Arrow","fa fa-crop":"Crop","fa fa-code-fork":"Code Fork","fa fa-unlink":"Unlink","fa fa-chain-broken":"Chain Broken","fa fa-question":"Question","fa fa-info":"Info","fa fa-exclamation":"Exclamation","fa fa-superscript":"Superscript","fa fa-subscript":"Subscript","fa fa-eraser":"Eraser","fa fa-puzzle-piece":"Puzzle Piece","fa fa-microphone":"Microphone","fa fa-microphone-slash":"Microphone Slash","fa fa-shield":"Shield","fa fa-calendar-o":"Calendar O","fa fa-fire-extinguisher":"Fire Extinguisher","fa fa-rocket":"Rocket","fa fa-maxcdn":"Maxcdn","fa fa-chevron-circle-left":"Chevron Circle Left","fa fa-chevron-circle-right":"Chevron Circle Right","fa fa-chevron-circle-up":"Chevron Circle Up","fa fa-chevron-circle-down":"Chevron Circle Down","fa fa-html5":"Html5","fa fa-css3":"Css3","fa fa-anchor":"Anchor","fa fa-unlock-alt":"Unlock Alt","fa fa-bullseye":"Bullseye","fa fa-ellipsis-h":"Ellipsis H","fa fa-ellipsis-v":"Ellipsis V","fa fa-rss-square":"Rss Square","fa fa-play-circle":"Play Circle","fa fa-ticket":"Ticket","fa fa-minus-square":"Minus Square","fa fa-minus-square-o":"Minus Square O","fa fa-level-up":"Level Up","fa fa-level-down":"Level Down","fa fa-check-square":"Check Square","fa fa-pencil-square":"Pencil Square","fa fa-external-link-square":"External Link Square","fa fa-share-square":"Share Square","fa fa-compass":"Compass","fa fa-toggle-down":"Toggle Down","fa fa-caret-square-o-down":"Caret Square O Down","fa fa-toggle-up":"Toggle Up","fa fa-caret-square-o-up":"Caret Square O Up","fa fa-toggle-right":"Toggle Right","fa fa-caret-square-o-right":"Caret Square O Right","fa fa-euro":"Euro","fa fa-eur":"Eur","fa fa-gbp":"Gbp","fa fa-dollar":"Dollar","fa fa-usd":"Usd","fa fa-rupee":"Rupee","fa fa-inr":"Inr","fa fa-cny":"Cny","fa fa-rmb":"Rmb","fa fa-yen":"Yen","fa fa-jpy":"Jpy","fa fa-ruble":"Ruble","fa fa-rouble":"Rouble","fa fa-rub":"Rub","fa fa-won":"Won","fa fa-krw":"Krw","fa fa-bitcoin":"Bitcoin","fa fa-btc":"Btc","fa fa-file":"File","fa fa-file-text":"File Text","fa fa-sort-alpha-asc":"Sort Alpha Asc","fa fa-sort-alpha-desc":"Sort Alpha Desc","fa fa-sort-amount-asc":"Sort Amount Asc","fa fa-sort-amount-desc":"Sort Amount Desc","fa fa-sort-numeric-asc":"Sort Numeric Asc","fa fa-sort-numeric-desc":"Sort Numeric Desc","fa fa-thumbs-up":"Thumbs Up","fa fa-thumbs-down":"Thumbs Down","fa fa-youtube-square":"Youtube Square","fa fa-youtube":"Youtube","fa fa-xing":"Xing","fa fa-xing-square":"Xing Square","fa fa-youtube-play":"Youtube Play","fa fa-dropbox":"Dropbox","fa fa-stack-overflow":"Stack Overflow","fa fa-instagram":"Instagram","fa fa-flickr":"Flickr","fa fa-adn":"Adn","fa fa-bitbucket":"Bitbucket","fa fa-bitbucket-square":"Bitbucket Square","fa fa-tumblr":"Tumblr","fa fa-tumblr-square":"Tumblr Square","fa fa-long-arrow-down":"Long Arrow Down","fa fa-long-arrow-up":"Long Arrow Up","fa fa-long-arrow-left":"Long Arrow Left","fa fa-long-arrow-right":"Long Arrow Right","fa fa-apple":"Apple","fa fa-windows":"Windows","fa fa-android":"Android","fa fa-linux":"Linux","fa fa-dribbble":"Dribbble","fa fa-skype":"Skype","fa fa-foursquare":"Foursquare","fa fa-trello":"Trello","fa fa-female":"Female","fa fa-male":"Male","fa fa-gittip":"Gittip","fa fa-gratipay":"Gratipay","fa fa-sun-o":"Sun O","fa fa-moon-o":"Moon O","fa fa-archive":"Archive","fa fa-bug":"Bug","fa fa-vk":"Vk","fa fa-weibo":"Weibo","fa fa-renren":"Renren","fa fa-pagelines":"Pagelines","fa fa-stack-exchange":"Stack Exchange","fa fa-arrow-circle-o-right":"Arrow Circle O Right","fa fa-arrow-circle-o-left":"Arrow Circle O Left","fa fa-toggle-left":"Toggle Left","fa fa-caret-square-o-left":"Caret Square O Left","fa fa-dot-circle-o":"Dot Circle O","fa fa-wheelchair":"Wheelchair","fa fa-vimeo-square":"Vimeo Square","fa fa-turkish-lira":"Turkish Lira","fa fa-try":"Try","fa fa-plus-square-o":"Plus Square O","fa fa-space-shuttle":"Space Shuttle","fa fa-slack":"Slack","fa fa-envelope-square":"Envelope Square","fa fa-wordpress":"Wordpress","fa fa-openid":"Openid","fa fa-institution":"Institution","fa fa-bank":"Bank","fa fa-university":"University","fa fa-mortar-board":"Mortar Board","fa fa-graduation-cap":"Graduation Cap","fa fa-yahoo":"Yahoo","fa fa-google":"Google","fa fa-reddit":"Reddit","fa fa-reddit-square":"Reddit Square","fa fa-stumbleupon-circle":"Stumbleupon Circle","fa fa-stumbleupon":"Stumbleupon","fa fa-delicious":"Delicious","fa fa-digg":"Digg","fa fa-pied-piper-pp":"Pied Piper Pp","fa fa-pied-piper-alt":"Pied Piper Alt","fa fa-drupal":"Drupal","fa fa-joomla":"Joomla","fa fa-language":"Language","fa fa-fax":"Fax","fa fa-building":"Building","fa fa-child":"Child","fa fa-paw":"Paw","fa fa-spoon":"Spoon","fa fa-cube":"Cube","fa fa-cubes":"Cubes","fa fa-behance":"Behance","fa fa-behance-square":"Behance Square","fa fa-steam":"Steam","fa fa-steam-square":"Steam Square","fa fa-recycle":"Recycle","fa fa-automobile":"Automobile","fa fa-car":"Car","fa fa-cab":"Cab","fa fa-taxi":"Taxi","fa fa-tree":"Tree","fa fa-spotify":"Spotify","fa fa-deviantart":"Deviantart","fa fa-soundcloud":"Soundcloud","fa fa-database":"Database","fa fa-file-pdf-o":"File Pdf O","fa fa-file-word-o":"File Word O","fa fa-file-excel-o":"File Excel O","fa fa-file-powerpoint-o":"File Powerpoint O","fa fa-file-photo-o":"File Photo O","fa fa-file-picture-o":"File Picture O","fa fa-file-image-o":"File Image O","fa fa-file-zip-o":"File Zip O","fa fa-file-archive-o":"File Archive O","fa fa-file-sound-o":"File Sound O","fa fa-file-audio-o":"File Audio O","fa fa-file-movie-o":"File Movie O","fa fa-file-video-o":"File Video O","fa fa-file-code-o":"File Code O","fa fa-vine":"Vine","fa fa-codepen":"Codepen","fa fa-jsfiddle":"Jsfiddle","fa fa-life-bouy":"Life Bouy","fa fa-life-buoy":"Life Buoy","fa fa-life-saver":"Life Saver","fa fa-support":"Support","fa fa-life-ring":"Life Ring","fa fa-circle-o-notch":"Circle O Notch","fa fa-ra":"Ra","fa fa-resistance":"Resistance","fa fa-rebel":"Rebel","fa fa-ge":"Ge","fa fa-empire":"Empire","fa fa-git-square":"Git Square","fa fa-git":"Git","fa fa-y-combinator-square":"Y Combinator Square","fa fa-yc-square":"Yc Square","fa fa-hacker-news":"Hacker News","fa fa-tencent-weibo":"Tencent Weibo","fa fa-qq":"Qq","fa fa-wechat":"Wechat","fa fa-weixin":"Weixin","fa fa-send":"Send","fa fa-paper-plane":"Paper Plane","fa fa-send-o":"Send O","fa fa-paper-plane-o":"Paper Plane O","fa fa-history":"History","fa fa-circle-thin":"Circle Thin","fa fa-header":"Header","fa fa-paragraph":"Paragraph","fa fa-sliders":"Sliders","fa fa-share-alt":"Share Alt","fa fa-share-alt-square":"Share Alt Square","fa fa-bomb":"Bomb","fa fa-soccer-ball-o":"Soccer Ball O","fa fa-futbol-o":"Futbol O","fa fa-tty":"Tty","fa fa-binoculars":"Binoculars","fa fa-plug":"Plug","fa fa-slideshare":"Slideshare","fa fa-twitch":"Twitch","fa fa-yelp":"Yelp","fa fa-newspaper-o":"Newspaper O","fa fa-wifi":"Wifi","fa fa-calculator":"Calculator","fa fa-paypal":"Paypal","fa fa-google-wallet":"Google Wallet","fa fa-cc-visa":"Cc Visa","fa fa-cc-mastercard":"Cc Mastercard","fa fa-cc-discover":"Cc Discover","fa fa-cc-amex":"Cc Amex","fa fa-cc-paypal":"Cc Paypal","fa fa-cc-stripe":"Cc Stripe","fa fa-bell-slash":"Bell Slash","fa fa-bell-slash-o":"Bell Slash O","fa fa-trash":"Trash","fa fa-copyright":"Copyright","fa fa-at":"At","fa fa-eyedropper":"Eyedropper","fa fa-paint-brush":"Paint Brush","fa fa-birthday-cake":"Birthday Cake","fa fa-area-chart":"Area Chart","fa fa-pie-chart":"Pie Chart","fa fa-line-chart":"Line Chart","fa fa-lastfm":"Lastfm","fa fa-lastfm-square":"Lastfm Square","fa fa-toggle-off":"Toggle Off","fa fa-toggle-on":"Toggle On","fa fa-bicycle":"Bicycle","fa fa-bus":"Bus","fa fa-ioxhost":"Ioxhost","fa fa-angellist":"Angellist","fa fa-cc":"Cc","fa fa-shekel":"Shekel","fa fa-sheqel":"Sheqel","fa fa-ils":"Ils","fa fa-meanpath":"Meanpath","fa fa-buysellads":"Buysellads","fa fa-connectdevelop":"Connectdevelop","fa fa-dashcube":"Dashcube","fa fa-forumbee":"Forumbee","fa fa-leanpub":"Leanpub","fa fa-sellsy":"Sellsy","fa fa-shirtsinbulk":"Shirtsinbulk","fa fa-simplybuilt":"Simplybuilt","fa fa-skyatlas":"Skyatlas","fa fa-cart-plus":"Cart Plus","fa fa-cart-arrow-down":"Cart Arrow Down","fa fa-diamond":"Diamond","fa fa-ship":"Ship","fa fa-user-secret":"User Secret","fa fa-motorcycle":"Motorcycle","fa fa-street-view":"Street View","fa fa-heartbeat":"Heartbeat","fa fa-venus":"Venus","fa fa-mars":"Mars","fa fa-mercury":"Mercury","fa fa-intersex":"Intersex","fa fa-transgender":"Transgender","fa fa-transgender-alt":"Transgender Alt","fa fa-venus-double":"Venus Double","fa fa-mars-double":"Mars Double","fa fa-venus-mars":"Venus Mars","fa fa-mars-stroke":"Mars Stroke","fa fa-mars-stroke-v":"Mars Stroke V","fa fa-mars-stroke-h":"Mars Stroke H","fa fa-neuter":"Neuter","fa fa-genderless":"Genderless","fa fa-facebook-official":"Facebook Official","fa fa-pinterest-p":"Pinterest P","fa fa-whatsapp":"Whatsapp","fa fa-server":"Server","fa fa-user-plus":"User Plus","fa fa-user-times":"User Times","fa fa-hotel":"Hotel","fa fa-bed":"Bed","fa fa-viacoin":"Viacoin","fa fa-train":"Train","fa fa-subway":"Subway","fa fa-medium":"Medium","fa fa-yc":"Yc","fa fa-y-combinator":"Y Combinator","fa fa-optin-monster":"Optin Monster","fa fa-opencart":"Opencart","fa fa-expeditedssl":"Expeditedssl","fa fa-battery-4":"Battery 4","fa fa-battery":"Battery","fa fa-battery-full":"Battery Full","fa fa-battery-3":"Battery 3","fa fa-battery-three-quarters":"Battery Three Quarters","fa fa-battery-2":"Battery 2","fa fa-battery-half":"Battery Half","fa fa-battery-1":"Battery 1","fa fa-battery-quarter":"Battery Quarter","fa fa-battery-0":"Battery 0","fa fa-battery-empty":"Battery Empty","fa fa-mouse-pointer":"Mouse Pointer","fa fa-i-cursor":"I Cursor","fa fa-object-group":"Object Group","fa fa-object-ungroup":"Object Ungroup","fa fa-sticky-note":"Sticky Note","fa fa-sticky-note-o":"Sticky Note O","fa fa-cc-jcb":"Cc Jcb","fa fa-cc-diners-club":"Cc Diners Club","fa fa-clone":"Clone","fa fa-balance-scale":"Balance Scale","fa fa-hourglass-o":"Hourglass O","fa fa-hourglass-1":"Hourglass 1","fa fa-hourglass-start":"Hourglass Start","fa fa-hourglass-2":"Hourglass 2","fa fa-hourglass-half":"Hourglass Half","fa fa-hourglass-3":"Hourglass 3","fa fa-hourglass-end":"Hourglass End","fa fa-hourglass":"Hourglass","fa fa-hand-grab-o":"Hand Grab O","fa fa-hand-rock-o":"Hand Rock O","fa fa-hand-stop-o":"Hand Stop O","fa fa-hand-paper-o":"Hand Paper O","fa fa-hand-scissors-o":"Hand Scissors O","fa fa-hand-lizard-o":"Hand Lizard O","fa fa-hand-spock-o":"Hand Spock O","fa fa-hand-pointer-o":"Hand Pointer O","fa fa-hand-peace-o":"Hand Peace O","fa fa-trademark":"Trademark","fa fa-registered":"Registered","fa fa-creative-commons":"Creative Commons","fa fa-gg":"Gg","fa fa-gg-circle":"Gg Circle","fa fa-tripadvisor":"Tripadvisor","fa fa-odnoklassniki":"Odnoklassniki","fa fa-odnoklassniki-square":"Odnoklassniki Square","fa fa-get-pocket":"Get Pocket","fa fa-wikipedia-w":"Wikipedia W","fa fa-safari":"Safari","fa fa-chrome":"Chrome","fa fa-firefox":"Firefox","fa fa-opera":"Opera","fa fa-internet-explorer":"Internet Explorer","fa fa-tv":"Tv","fa fa-television":"Television","fa fa-contao":"Contao","fa fa-500px":"500px","fa fa-amazon":"Amazon","fa fa-calendar-plus-o":"Calendar Plus O","fa fa-calendar-minus-o":"Calendar Minus O","fa fa-calendar-times-o":"Calendar Times O","fa fa-calendar-check-o":"Calendar Check O","fa fa-industry":"Industry","fa fa-map-pin":"Map Pin","fa fa-map-signs":"Map Signs","fa fa-map-o":"Map O","fa fa-map":"Map","fa fa-commenting":"Commenting","fa fa-commenting-o":"Commenting O","fa fa-houzz":"Houzz","fa fa-vimeo":"Vimeo","fa fa-black-tie":"Black Tie","fa fa-fonticons":"Fonticons","fa fa-reddit-alien":"Reddit Alien","fa fa-edge":"Edge","fa fa-credit-card-alt":"Credit Card Alt","fa fa-codiepie":"Codiepie","fa fa-modx":"Modx","fa fa-fort-awesome":"Fort Awesome","fa fa-usb":"Usb","fa fa-product-hunt":"Product Hunt","fa fa-mixcloud":"Mixcloud","fa fa-scribd":"Scribd","fa fa-pause-circle":"Pause Circle","fa fa-pause-circle-o":"Pause Circle O","fa fa-stop-circle":"Stop Circle","fa fa-stop-circle-o":"Stop Circle O","fa fa-shopping-bag":"Shopping Bag","fa fa-shopping-basket":"Shopping Basket","fa fa-hashtag":"Hashtag","fa fa-bluetooth":"Bluetooth","fa fa-bluetooth-b":"Bluetooth B","fa fa-percent":"Percent","fa fa-gitlab":"Gitlab","fa fa-wpbeginner":"Wpbeginner","fa fa-wpforms":"Wpforms","fa fa-envira":"Envira","fa fa-universal-access":"Universal Access","fa fa-wheelchair-alt":"Wheelchair Alt","fa fa-question-circle-o":"Question Circle O","fa fa-blind":"Blind","fa fa-audio-description":"Audio Description","fa fa-volume-control-phone":"Volume Control Phone","fa fa-braille":"Braille","fa fa-assistive-listening-systems":"Assistive Listening Systems","fa fa-asl-interpreting":"Asl Interpreting","fa fa-american-sign-language-interpreting":"American Sign Language Interpreting","fa fa-deafness":"Deafness","fa fa-hard-of-hearing":"Hard Of Hearing","fa fa-deaf":"Deaf","fa fa-glide":"Glide","fa fa-glide-g":"Glide G","fa fa-signing":"Signing","fa fa-sign-language":"Sign Language","fa fa-low-vision":"Low Vision","fa fa-viadeo":"Viadeo","fa fa-viadeo-square":"Viadeo Square","fa fa-snapchat":"Snapchat","fa fa-snapchat-ghost":"Snapchat Ghost","fa fa-snapchat-square":"Snapchat Square","fa fa-pied-piper":"Pied Piper","fa fa-first-order":"First Order","fa fa-yoast":"Yoast","fa fa-themeisle":"Themeisle","fa fa-google-plus-circle":"Google Plus Circle","fa fa-google-plus-official":"Google Plus Official","fa fa-fa":"Fa","fa fa-font-awesome":"Font Awesome","fa fa-handshake-o":"Handshake O","fa fa-envelope-open":"Envelope Open","fa fa-envelope-open-o":"Envelope Open O","fa fa-linode":"Linode","fa fa-address-book":"Address Book","fa fa-address-book-o":"Address Book O","fa fa-vcard":"Vcard","fa fa-address-card":"Address Card","fa fa-vcard-o":"Vcard O","fa fa-address-card-o":"Address Card O","fa fa-user-circle":"User Circle","fa fa-user-circle-o":"User Circle O","fa fa-user-o":"User O","fa fa-id-badge":"Id Badge","fa fa-drivers-license":"Drivers License","fa fa-id-card":"Id Card","fa fa-drivers-license-o":"Drivers License O","fa fa-id-card-o":"Id Card O","fa fa-quora":"Quora","fa fa-free-code-camp":"Free Code Camp","fa fa-telegram":"Telegram","fa fa-thermometer-4":"Thermometer 4","fa fa-thermometer":"Thermometer","fa fa-thermometer-full":"Thermometer Full","fa fa-thermometer-3":"Thermometer 3","fa fa-thermometer-three-quarters":"Thermometer Three Quarters","fa fa-thermometer-2":"Thermometer 2","fa fa-thermometer-half":"Thermometer Half","fa fa-thermometer-1":"Thermometer 1","fa fa-thermometer-quarter":"Thermometer Quarter","fa fa-thermometer-0":"Thermometer 0","fa fa-thermometer-empty":"Thermometer Empty","fa fa-shower":"Shower","fa fa-bathtub":"Bathtub","fa fa-s15":"S15","fa fa-bath":"Bath","fa fa-podcast":"Podcast","fa fa-window-maximize":"Window Maximize","fa fa-window-minimize":"Window Minimize","fa fa-window-restore":"Window Restore","fa fa-times-rectangle":"Times Rectangle","fa fa-window-close":"Window Close","fa fa-times-rectangle-o":"Times Rectangle O","fa fa-window-close-o":"Window Close O","fa fa-bandcamp":"Bandcamp","fa fa-grav":"Grav","fa fa-etsy":"Etsy","fa fa-imdb":"Imdb","fa fa-ravelry":"Ravelry","fa fa-eercast":"Eercast","fa fa-microchip":"Microchip","fa fa-snowflake-o":"Snowflake O","fa fa-superpowers":"Superpowers","fa fa-wpexplorer":"Wpexplorer","fa fa-meetup":"Meetup"}