{"action":"vp_ajax_wp_arkitekt_theme_options_save","color_scheme":"#4eccb9","api":"hgYBOUK6ZvwMxnVgDzZIMQ","api_secret":"c8C79z0sw0zuZHDv9VKCZbtL64kWZJ2Rr0R9uZlNGI","token":"92776433-f70XZRZDp7ZPRd8z64AoN5MAA1HmeqGGOsxIn655b","token_secret":"mrFffexUE3dqy3vG4tiCqOzbiGum9IrMMxtKoMhqk","sh_purchase_code":"","sh_purchase_user":"","policy_page":"271","aboutus_page":"42","login_page":"274","contactus_page":"48","logo_type":"image","logo_image":"http:\/\/demos.megawpthemes.com\/arkitekt\/files\/2017\/05\/logo.png","logo_width":"196","logo_height":"43","logo_heading":"Aplus","logo_font_size":"40","logo_font_face":"","logo_color":"#98ed28","slogan_heading":"Multipurpose Wordpress theme","slogan_font_size":"40","slogan_font_face":"","slogan_color":"#98ed28","header_css":"._demo_button {\r\n    display: none!important;\r\n}","header_js":"","info_box":"1","info_items":{"info_items":[{"info_box_icon":"fa fa-phone","info_text":"9930 1234 5679"},{"info_box_icon":"fa fa-envelope-o","info_text":"contact@domain.com"},{"info_box_icon":"fa fa-home","info_text":"street address example"},{"tocopy":"1","info_box_icon":"","info_text":""}]},"info_items_nonce":"4957a1df22","footer_widget_area":"1","copyright_text":"\u00a9 2014 Arkitekt,  All Rights Reserved","footer_js":"","dynamic_sidebar":{"dynamic_sidebar":[{"sidebar_name":""},{"tocopy":"1","sidebar_name":"Dynamic Sidebar"}]},"dynamic_sidebar_nonce":"a40d86bddf","category_sidebar":"","archive_sidebar_layout":"right","archive_sidebar":"blog","author_sidebar":"","search_sidebar":"","tag_sidebar":"","single_post_sidebar":"","product_category_sidebar":"","google_map":"","social_icons":{"social_icons":[{"icon":"fa-google-plus","title":"","link":"http:\/\/google-plus.com"},{"icon":"fa-twitter","title":"","link":"http:\/\/twitter.com"},{"icon":"fa-pinterest","title":"","link":"http:\/\/pinterest.com"},{"icon":"fa-dribbble","title":"","link":"http:\/\/dribbble.com"},{"icon":"fa-linkedin","title":"","link":"http:\/\/linked-in.com"},{"icon":"fa-facebook","title":"","link":"http:\/\/facebook.com"},{"tocopy":"1","icon":"","title":"","link":""}]},"social_icons_nonce":"0d2c391bf1","h1_font_size":"38.5","h1_font_family":"","h1_font_color":"#98ed28","h2_font_size":"34.5","h2_font_family":"","h2_font_color":"#98ed28","h3_font_size":"30.5","h3_font_family":"","h3_font_color":"#98ed28","body_font_size":"14","body_font_family":"","body_font_color":"#98ed28","blog_layout":"right","blog_sidebar":"blog","nonce":"74e6a41a44"}