{"primary-widget-area":{"alc-social-widget-1":{"title":"Social icons","social_target":"0","bitbucket":"","dribble":"","facebook":"http:\/\/fb.com","flickr":"","github":"","google":"","instagram":"","linkedin":"","pinterest":"http:\/\/pinterest.com","skype":"","twitter":"http:\/\/twitter.com","youtube":"","behance":"","tumblr":"","vimeo":"","digg":""},"alc-blogposts-widget-1":{"post_title":"Recent Posts","post_count":"3","post_thumbs":"1","post_category":""},"text-1":{"title":"Contact Us","text":"[contact address=\" street address example\" tel=\"9930 1234 5679\" email=\"contact@yourdomain.com\" \/]","filter":false},"text-2":{"title":"Text Widget","text":"<p>This is Photoshop's version  of Lorem Ipsum. Proin gravida . Aenean sollicitudin, lorem quis bibendum<\/p><p>auctor, nisi elit consequat ipsum, nec sagittis sem nibh id<\/p>","filter":false},"recent-comments-2":{"title":"","number":5}},"footer-sidebar-1":{"tag_cloud-1":{"title":"Popular Tags","taxonomy":"category"}},"footer-sidebar-2":{"latest-tweets-widget-1":{"title":"Latest Tweets","no_of_tweets":"2","twitter_username":"premiummlayers","consumer_key":"NJ4Oqwc4lV1TATUqgMBCA","consumer_secret":"a5B7mCEYOeu0EZCDptANVkT69Mhaq5vm9tv59IKvc","access_token":"1339576638-bmfBkvVTylpQC4JfJuzeMFPLvsiTgxu6O6YyvMT","access_token_secret":"kS0WKIZ1y1OPjttXjV5OFgkVvIXl8DWN6NM0aFU6FCjnO"}},"footer-sidebar-3":{"alc-flickr-widget-1":{"title":"Flickr Gallery","flickr_id":"115283934@N05","flickr_nr":"8"}}}